cycle_id,gripper_load_mean,label,robot
0_1,495.19503204244853,Normal,R01
0_2,497.78966234400883,Normal,R01
0_3,494.6207748173593,Normal,R01
1_1,494.091406559887,Normal,R01
1_2,469.0088799516982,Normal,R01
1_3,504.0193106577048,Normal,R01
1_4,503.3046484614402,Normal,R01
1_5,494.5163891173102,Normal,R01
1_6,498.5878267619195,Normal,R01
2_1,497.74746859812245,Normal,R01
2_10,480.91724473374074,Normal,R01
2_11,482.17313172437986,Normal,R01
2_12,482.4853113064835,Normal,R01
2_13,478.9209697903703,Normal,R01
2_14,468.9121512617573,Normal,R01
2_15,474.43507845385517,NoNose,R01
2_2,493.76215675797573,Normal,R01
2_3,489.3547281137567,Normal,R01
2_4,491.46492860997853,Normal,R01
2_5,492.3210118963888,Normal,R01
2_6,492.27679376785227,Normal,R01
2_7,485.51189090404233,Normal,R01
2_8,485.57786154668776,Normal,R01
2_9,480.38480590963286,Normal,R01
3_1,448.05210693191424,NoNose,R01
3_10,427.85193706202654,NoNose,R01
3_11,477.878727138054,NoNose,R01
3_2,450.2102056348843,NoNose,R01
3_3,443.84676859474575,NoNose,R01
3_4,443.6883562727786,NoNose,R01
3_5,440.7546539713326,NoNose,R01
3_6,421.1385093092244,NoNose,R01
3_7,429.107221422504,NoNose,R01
3_8,434.40123902058195,NoNose,R01
3_9,432.8307642402299,NoNose,R01
4_1,524.7821677430665,NoNose,R01
4_10,444.609000941502,NoNose,R01
4_11,444.5136222434287,NoNose,R01
4_12,441.39775314637683,NoNose,R01
4_13,447.84258452038836,NoNose,R01
4_14,446.03580910774417,NoNose,R01
4_15,447.65170109357035,NoNose,R01
4_2,452.12548101148036,NoNose,R01
4_3,439.0248633970122,NoNose,R01
4_4,440.02295427708765,NoNose,R01
4_5,439.1138484213839,NoNose,R01
4_6,443.3917324296999,NoNose,R01
4_7,435.84982704997105,NoNose,R01
4_8,438.22686366615625,NoNose,R01
4_9,444.6931790309634,NoNose,R01
5_1,453.0237969466875,NoNose,R01
5_10,434.4065693333535,"NoNose,NoBody2",R01
5_100,391.683355384793,"NoNose,NoBody2,NoBody1",R01
5_101,398.04769514561127,"NoNose,NoBody2,NoBody1",R01
5_102,397.3078742775157,"NoNose,NoBody2,NoBody1",R01
5_103,391.0427007013269,"NoNose,NoBody2,NoBody1",R01
5_104,388.0746691227553,"NoNose,NoBody2,NoBody1",R01
5_105,388.20981995250185,"NoNose,NoBody2,NoBody1",R01
5_106,379.19401637213986,"NoNose,NoBody2,NoBody1",R01
5_107,340.5721012970302,"NoNose,NoBody2,NoBody1",R01
5_108,339.6630400212061,"NoNose,NoBody2,NoBody1",R01
5_109,342.5407947022289,"NoNose,NoBody2,NoBody1",R01
5_11,442.123051304327,"NoNose,NoBody2",R01
5_110,348.4569249835663,"NoNose,NoBody2,NoBody1",R01
5_111,347.9542246313279,"NoNose,NoBody2,NoBody1",R01
5_112,343.9488244056353,"NoNose,NoBody2,NoBody1",R01
5_113,351.77303998501577,"NoNose,NoBody2,NoBody1",R01
5_114,352.9582544379463,Normal,R01
5_115,356.0581537655706,Normal,R01
5_116,346.3968191904409,Normal,R01
5_117,348.8503918949153,Normal,R01
5_118,354.14406642133775,Normal,R01
5_119,352.5099674719194,Normal,R01
5_12,439.0410019940197,"NoNose,NoBody2",R01
5_120,345.24634907685254,Normal,R01
5_121,341.10473275039453,Normal,R01
5_122,341.87158086391184,Normal,R01
5_123,345.99694167107543,Normal,R01
5_124,350.79451250936347,Normal,R01
5_125,349.79683071481986,Normal,R01
5_126,348.63903607389966,Normal,R01
5_127,356.110806780822,Normal,R01
5_128,356.2741110558265,Normal,R01
5_129,359.2148172648137,Normal,R01
5_13,433.96402807079414,"NoNose,NoBody2",R01
5_130,355.4305399382817,Normal,R01
5_131,353.27085632237214,Normal,R01
5_132,355.1691597765376,Normal,R01
5_133,354.9216147558192,Normal,R01
5_134,354.9263384117679,Normal,R01
5_135,348.80217559133354,Normal,R01
5_136,347.03174977810477,Normal,R01
5_137,344.46662739519326,Normal,R01
5_138,343.6320991025384,Normal,R01
5_139,343.36170998997915,Normal,R01
5_14,429.7537661988136,"NoNose,NoBody2",R01
5_140,344.0794005510662,Normal,R01
5_141,341.9850910321644,Normal,R01
5_142,342.3015900304328,Normal,R01
5_143,343.5032241507444,Normal,R01
5_144,344.03496328553524,Normal,R01
5_145,340.8086350610975,Normal,R01
5_146,340.20751096976653,Normal,R01
5_147,336.08841545174545,Normal,R01
5_148,336.90107297823084,Normal,R01
5_149,335.1323771891544,Normal,R01
5_15,433.2292108871954,"NoNose,NoBody2",R01
5_150,337.62134312699163,Normal,R01
5_151,340.5119130394924,Normal,R01
5_152,339.61780590734764,Normal,R01
5_153,343.75671734396064,Normal,R01
5_154,348.4675330401115,Normal,R01
5_155,344.0083383335581,Normal,R01
5_156,343.9191431656157,Normal,R01
5_157,337.47858382271596,Normal,R01
5_158,338.1150424620142,Normal,R01
5_159,335.69903278543313,Normal,R01
5_16,436.3436035650815,"NoNose,NoBody2",R01
5_160,333.1418387243475,Normal,R01
5_161,335.7592600130124,Normal,R01
5_162,339.91961836549945,Normal,R01
5_163,339.64052454255295,Normal,R01
5_164,339.31143041633254,Normal,R01
5_165,345.37642012491415,Normal,R01
5_166,346.02949407894044,Normal,R01
5_167,349.97684381024965,Normal,R01
5_168,345.7750370277525,Normal,R01
5_169,346.4873002602619,Normal,R01
5_17,430.8070979843987,"NoNose,NoBody2",R01
5_170,356.88670813596684,Normal,R01
5_171,347.9770317584739,Normal,R01
5_172,345.7841050683996,Normal,R01
5_173,354.74639819979717,Normal,R01
5_174,361.5277877409746,Normal,R01
5_175,361.20219910100735,Normal,R01
5_176,358.14602945770673,Normal,R01
5_177,345.5921822515521,Normal,R01
5_178,344.7368185371699,Normal,R01
5_179,340.3111955441124,Normal,R01
5_18,431.88279474637204,"NoNose,NoBody2",R01
5_180,355.47641511968277,Normal,R01
5_181,350.11557233634153,Normal,R01
5_182,351.16099966835645,Normal,R01
5_183,348.02926784903474,Normal,R01
5_184,347.91437883106687,Normal,R01
5_185,350.39714455982164,Normal,R01
5_186,351.23615131628617,Normal,R01
5_187,355.40824159281635,Normal,R01
5_188,351.4314227218049,Normal,R01
5_189,352.06244610072866,Normal,R01
5_19,429.7124788146296,"NoNose,NoBody2",R01
5_190,352.9230809470631,Normal,R01
5_191,357.0744573472829,Normal,R01
5_192,362.0436646677125,Normal,R01
5_193,367.54674982967754,Normal,R01
5_194,371.6087501100584,Normal,R01
5_195,368.03612944444734,Normal,R01
5_196,366.9725856361179,Normal,R01
5_197,369.7176407917673,Normal,R01
5_198,367.125612928182,Normal,R01
5_199,363.3708771084859,Normal,R01
5_2,449.75135174457284,NoNose,R01
5_20,430.6974525635972,"NoNose,NoBody2",R01
5_200,368.5185984666756,Normal,R01
5_201,376.76737384120645,Normal,R01
5_202,374.06200557201856,Normal,R01
5_203,371.5902044059251,Normal,R01
5_204,368.47976376717054,Normal,R01
5_205,364.1910218808007,Normal,R01
5_206,367.4737251712063,Normal,R01
5_207,370.1664402306864,Normal,R01
5_208,366.9926665172437,Normal,R01
5_209,366.04605911759813,Normal,R01
5_21,439.31913324236405,"NoNose,NoBody2",R01
5_210,371.30281710849846,Normal,R01
5_211,375.6698474985123,Normal,R01
5_212,374.0089583541923,Normal,R01
5_213,373.1370278621949,Normal,R01
5_214,375.007873491323,Normal,R01
5_215,373.46428389126106,Normal,R01
5_216,371.48876474020636,Normal,R01
5_217,369.1625887229902,Normal,R01
5_218,370.2911596901073,Normal,R01
5_219,372.0257706963445,Normal,R01
5_22,435.27886699802036,"NoNose,NoBody2",R01
5_220,372.95060326754253,Normal,R01
5_221,373.35885688077786,Normal,R01
5_222,371.09978398042364,Normal,R01
5_223,375.0194871330393,Normal,R01
5_224,382.3864025462657,Normal,R01
5_225,378.6973755824726,Normal,R01
5_226,376.4158451315013,Normal,R01
5_227,374.8678617148639,Normal,R01
5_228,371.89791975702525,Normal,R01
5_229,370.15495741538615,Normal,R01
5_23,425.417078183081,"NoNose,NoBody2",R01
5_230,376.84545107151325,Normal,R01
5_231,381.57648602570356,Normal,R01
5_232,383.92971380512006,Normal,R01
5_233,382.4198484554612,Normal,R01
5_234,384.050149207329,Normal,R01
5_235,376.7572379110084,Normal,R01
5_236,379.02865355643985,Normal,R01
5_237,379.1450958328021,Normal,R01
5_238,381.58927794699684,Normal,R01
5_239,384.57721014192384,Normal,R01
5_24,425.57029908213445,"NoNose,NoBody2",R01
5_240,384.58590005427936,Normal,R01
5_241,384.9086852322367,Normal,R01
5_242,384.4472757938506,Normal,R01
5_243,384.4776525513499,Normal,R01
5_244,382.04940520377636,Normal,R01
5_245,378.7619611695911,Normal,R01
5_246,380.7819867331746,Normal,R01
5_247,385.0234253121071,Normal,R01
5_248,388.389775047847,Normal,R01
5_249,381.09435764186054,Normal,R01
5_25,428.51354779141394,"NoNose,NoBody2",R01
5_250,390.3248615405451,Normal,R01
5_251,385.95663207475144,Normal,R01
5_252,386.20795728513843,Normal,R01
5_253,389.4429669804957,NoNose,R01
5_254,396.4548220007752,NoNose,R01
5_255,395.64965979717545,NoNose,R01
5_256,385.8265801165352,NoNose,R01
5_257,378.78801876169774,NoNose,R01
5_258,381.3574683633396,NoNose,R01
5_259,379.9675435018303,NoNose,R01
5_26,431.15834470639055,"NoNose,NoBody2",R01
5_260,379.6609581419404,NoNose,R01
5_261,379.9750582223409,NoNose,R01
5_262,387.1554667163782,NoNose,R01
5_263,384.78416782468196,NoNose,R01
5_264,380.1712472336125,NoNose,R01
5_265,384.94397488040516,NoNose,R01
5_266,383.91663750160905,NoNose,R01
5_267,389.50992804921316,NoNose,R01
5_268,394.46290672894514,NoNose,R01
5_269,399.524348249647,NoNose,R01
5_27,430.11459003028097,"NoNose,NoBody2",R01
5_270,398.0888969058625,NoNose,R01
5_271,393.1496995494836,NoNose,R01
5_272,392.11974748885024,NoNose,R01
5_273,384.5273646030876,NoNose,R01
5_274,392.34267622077977,NoNose,R01
5_275,393.0591729560541,NoNose,R01
5_28,428.3344263438349,"NoNose,NoBody2",R01
5_29,423.8493504352154,"NoNose,NoBody2",R01
5_3,441.3560950721095,NoNose,R01
5_30,425.8965678930653,"NoNose,NoBody2",R01
5_31,426.53037259732423,"NoNose,NoBody2",R01
5_32,431.6083883315509,"NoNose,NoBody2",R01
5_33,429.35878884955395,"NoNose,NoBody2",R01
5_34,424.6441679676922,"NoNose,NoBody2",R01
5_35,428.85769275395444,"NoNose,NoBody2",R01
5_36,423.00348836713,"NoNose,NoBody2",R01
5_37,419.477950174805,"NoNose,NoBody2",R01
5_38,415.30080001074487,"NoNose,NoBody2",R01
5_39,423.52440647792633,"NoNose,NoBody2",R01
5_4,440.0155294944515,NoNose,R01
5_40,421.6064362981485,"NoNose,NoBody2",R01
5_41,422.6917727646231,"NoNose,NoBody2",R01
5_42,424.55143341591486,"NoNose,NoBody2",R01
5_43,414.993703092173,"NoNose,NoBody2",R01
5_44,408.8609459184747,"NoNose,NoBody2",R01
5_45,414.18615434552237,"NoNose,NoBody2",R01
5_46,416.37893893416907,"NoNose,NoBody2",R01
5_47,419.48826663397625,"NoNose,NoBody2",R01
5_48,411.14616570406963,"NoNose,NoBody2",R01
5_49,410.59089994796483,"NoNose,NoBody2",R01
5_5,446.1765501733377,NoNose,R01
5_50,402.20869446292716,"NoNose,NoBody2",R01
5_51,397.9632085766702,"NoNose,NoBody2",R01
5_52,409.05984959015603,"NoNose,NoBody2",R01
5_53,409.0578457687286,"NoNose,NoBody2",R01
5_54,403.8546184645649,"NoNose,NoBody2",R01
5_55,403.61957855632807,"NoNose,NoBody2",R01
5_56,388.82598027243307,"NoNose,NoBody2",R01
5_57,393.5669008139818,"NoNose,NoBody2",R01
5_58,399.7716587739781,"NoNose,NoBody2",R01
5_59,404.0176714199355,"NoNose,NoBody2",R01
5_6,442.24195861566983,NoNose,R01
5_60,405.2419236434381,"NoNose,NoBody2",R01
5_61,408.35337401747614,"NoNose,NoBody2,NoBody1",R01
5_62,402.2010858449455,"NoNose,NoBody2,NoBody1",R01
5_63,387.80574821033946,"NoNose,NoBody2,NoBody1",R01
5_64,387.7724494694872,"NoNose,NoBody2,NoBody1",R01
5_65,393.23900595533865,"NoNose,NoBody2,NoBody1",R01
5_66,399.9342063531854,"NoNose,NoBody2,NoBody1",R01
5_67,397.8402944587527,"NoNose,NoBody2,NoBody1",R01
5_68,399.67220363007954,"NoNose,NoBody2,NoBody1",R01
5_69,401.8231606880298,"NoNose,NoBody2,NoBody1",R01
5_7,440.6878284464457,NoNose,R01
5_70,394.63261061671,"NoNose,NoBody2,NoBody1",R01
5_71,393.9657526524543,"NoNose,NoBody2,NoBody1",R01
5_72,396.61978768653864,"NoNose,NoBody2,NoBody1",R01
5_73,400.86134056414835,"NoNose,NoBody2,NoBody1",R01
5_74,399.7655140872596,"NoNose,NoBody2,NoBody1",R01
5_75,396.40340019320064,"NoNose,NoBody2,NoBody1",R01
5_76,395.5316588110751,"NoNose,NoBody2,NoBody1",R01
5_77,388.89559321938265,"NoNose,NoBody2,NoBody1",R01
5_78,393.05004163413525,"NoNose,NoBody2,NoBody1",R01
5_79,395.50032480123497,"NoNose,NoBody2,NoBody1",R01
5_8,440.12668649395505,NoNose,R01
5_80,394.6265462314412,"NoNose,NoBody2,NoBody1",R01
5_81,396.22389507830377,"NoNose,NoBody2,NoBody1",R01
5_82,401.019255536132,"NoNose,NoBody2,NoBody1",R01
5_83,392.73340020885684,"NoNose,NoBody2,NoBody1",R01
5_84,390.29825410163124,"NoNose,NoBody2,NoBody1",R01
5_85,391.79207252333754,"NoNose,NoBody2,NoBody1",R01
5_86,396.78495333380295,"NoNose,NoBody2,NoBody1",R01
5_87,400.50528098909945,"NoNose,NoBody2,NoBody1",R01
5_88,396.18828495051616,"NoNose,NoBody2,NoBody1",R01
5_89,402.26170043468017,"NoNose,NoBody2,NoBody1",R01
5_9,437.7093346448859,NoNose,R01
5_90,382.9284367715217,"NoNose,NoBody2,NoBody1",R01
5_91,389.6705180068308,"NoNose,NoBody2,NoBody1",R01
5_92,390.6965315611148,"NoNose,NoBody2,NoBody1",R01
5_93,389.2812468211285,"NoNose,NoBody2,NoBody1",R01
5_94,392.6679470811877,"NoNose,NoBody2,NoBody1",R01
5_95,391.67134346452605,"NoNose,NoBody2,NoBody1",R01
5_96,388.8571046357669,"NoNose,NoBody2,NoBody1",R01
5_97,388.87615592942547,"NoNose,NoBody2,NoBody1",R01
5_98,391.0622728657595,"NoNose,NoBody2,NoBody1",R01
5_99,388.9467026290229,"NoNose,NoBody2,NoBody1",R01
0_1,1316.415196743555,Normal,R02
0_2,1315.6410169491526,Normal,R02
0_3,1315.4380236029056,Normal,R02
1_1,1314.8301053346925,Normal,R02
1_2,1312.0491358861402,Normal,R02
1_3,1315.9857079551132,Normal,R02
1_4,1315.2953402614817,Normal,R02
1_5,1315.1566305818674,Normal,R02
1_6,1314.5634500991407,Normal,R02
2_1,1315.032859796911,Normal,R02
2_10,1312.3578447983734,Normal,R02
2_11,1312.4920311970159,Normal,R02
2_12,1314.0541271989175,Normal,R02
2_13,1313.0067727734506,Normal,R02
2_14,1312.5257452574526,Normal,R02
2_15,1311.7219820419023,NoNose,R02
2_2,1314.7967479674796,Normal,R02
2_3,1313.4113719670888,Normal,R02
2_4,1313.0937704918033,Normal,R02
2_5,1313.2657190076197,Normal,R02
2_6,1314.6006779661018,Normal,R02
2_7,1313.3632962971387,Normal,R02
2_8,1313.509193599394,Normal,R02
2_9,1312.6360555743815,Normal,R02
3_1,1311.7530971757596,NoNose,R02
3_10,1309.4193548387098,NoNose,R02
3_11,1314.9907522898409,NoNose,R02
3_2,1311.4572591587516,NoNose,R02
3_3,1310.578554462165,NoNose,R02
3_4,1309.8530210454853,NoNose,R02
3_5,1309.656979255081,NoNose,R02
3_6,1306.504289326623,NoNose,R02
3_7,1307.5181504397838,NoNose,R02
3_8,1309.7570315147407,NoNose,R02
3_9,1309.7587376993554,NoNose,R02
4_1,1319.4411302982733,NoNose,R02
4_10,1312.0294117645199,NoNose,R02
4_11,1310.990502035278,NoNose,R02
4_12,1310.5807582688792,NoNose,R02
4_13,1310.3889676499584,NoNose,R02
4_14,1309.6866938221317,NoNose,R02
4_15,1310.0656764319538,NoNose,R02
4_2,1309.488379705401,NoNose,R02
4_3,1307.5482875251305,NoNose,R02
4_4,1308.690403526619,NoNose,R02
4_5,1310.2017982017983,NoNose,R02
4_6,1311.0376782077394,NoNose,R02
4_7,1310.7940080744008,NoNose,R02
4_8,1310.2421266508636,NoNose,R02
4_9,1310.1872671859126,NoNose,R02
5_1,1313.9387345220057,NoNose,R02
5_10,1309.5077024132006,"NoNose,NoBody2",R02
5_100,1305.2443162538175,"NoNose,NoBody2,NoBody1",R02
5_101,1307.9282550930027,"NoNose,NoBody2,NoBody1",R02
5_102,1307.668707482993,"NoNose,NoBody2,NoBody1",R02
5_103,1307.3363952875666,"NoNose,NoBody2,NoBody1",R02
5_104,1306.7079224753486,"NoNose,NoBody2,NoBody1",R02
5_105,1305.847929395791,"NoNose,NoBody2,NoBody1",R02
5_106,1305.0345299585886,"NoNose,NoBody2,NoBody1",R02
5_107,1300.7717096336498,"NoNose,NoBody2,NoBody1",R02
5_108,1300.3390211170354,"NoNose,NoBody2,NoBody1",R02
5_109,1301.3340136054421,"NoNose,NoBody2,NoBody1",R02
5_11,1310.4959838011182,"NoNose,NoBody2",R02
5_110,1303.4949048913043,"NoNose,NoBody2,NoBody1",R02
5_111,1303.3851105513575,"NoNose,NoBody2,NoBody1",R02
5_112,1303.0263723833948,"NoNose,NoBody2,NoBody1",R02
5_113,1302.693143245078,"NoNose,NoBody2,NoBody1",R02
5_114,1302.5304144385027,Normal,R02
5_115,1302.300032435939,Normal,R02
5_116,1300.7446200681102,Normal,R02
5_117,1300.9854237288137,Normal,R02
5_118,1302.6289009497964,Normal,R02
5_119,1303.4760935910479,Normal,R02
5_12,1311.196464989803,"NoNose,NoBody2",R02
5_120,1302.5186314363143,Normal,R02
5_121,1301.0502139800285,Normal,R02
5_122,1300.7349550302235,Normal,R02
5_123,1299.7411047102678,Normal,R02
5_124,1301.6467788003808,Normal,R02
5_125,1300.2065695902472,Normal,R02
5_126,1300.945103354795,Normal,R02
5_127,1301.8111224143777,Normal,R02
5_128,1303.4859464950898,Normal,R02
5_129,1303.491186440678,Normal,R02
5_13,1310.0561097256857,"NoNose,NoBody2",R02
5_130,1304.0040650406504,Normal,R02
5_131,1302.5818366655371,Normal,R02
5_132,1302.2656726533378,Normal,R02
5_133,1302.636486944727,Normal,R02
5_134,1303.732971873941,Normal,R02
5_135,1303.071186440678,Normal,R02
5_136,1302.0844017087175,Normal,R02
5_137,1301.8552117368015,Normal,R02
5_138,1301.4208333333333,Normal,R02
5_139,1300.8300032754667,Normal,R02
5_14,1309.963503649635,"NoNose,NoBody2",R02
5_140,1301.3723296032554,Normal,R02
5_141,1300.0589830508475,Normal,R02
5_142,1300.5182926829268,Normal,R02
5_143,1300.4918588873813,Normal,R02
5_144,1301.3947032546266,Normal,R02
5_145,1302.847509318875,Normal,R02
5_146,1301.4501694915255,Normal,R02
5_147,1300.113936927772,Normal,R02
5_148,1299.7197149643705,Normal,R02
5_149,1299.7358426585283,Normal,R02
5_15,1309.9122480620156,"NoNose,NoBody2",R02
5_150,1300.536660962196,Normal,R02
5_151,1299.493591747421,Normal,R02
5_152,1299.1781430441338,Normal,R02
5_153,1300.1846831582513,Normal,R02
5_154,1302.3741136248236,Normal,R02
5_155,1302.6294411269191,Normal,R02
5_156,1302.5599672649284,Normal,R02
5_157,1301.0013554727211,Normal,R02
5_158,1300.3327685530328,Normal,R02
5_159,1299.8154419234677,Normal,R02
5_16,1311.5517985467345,"NoNose,NoBody2",R02
5_160,1299.7185912631223,Normal,R02
5_161,1298.8371699390657,Normal,R02
5_162,1299.1958950005176,Normal,R02
5_163,1299.2231628852014,Normal,R02
5_164,1299.8980352303522,Normal,R02
5_165,1301.6912910877668,Normal,R02
5_166,1302.3789830508474,Normal,R02
5_167,1303.8316395663956,Normal,R02
5_168,1302.4102911306702,Normal,R02
5_169,1301.2661016949153,Normal,R02
5_17,1311.2310890240435,"NoNose,NoBody2",R02
5_170,1302.646793134598,Normal,R02
5_171,1301.9545339726567,Normal,R02
5_172,1301.038076639777,Normal,R02
5_173,1300.6965540855376,Normal,R02
5_174,1301.8956992888589,Normal,R02
5_175,1302.5459166384276,Normal,R02
5_176,1303.65842087428,Normal,R02
5_177,1303.6741192411923,Normal,R02
5_178,1302.0654237288136,Normal,R02
5_179,1302.127420195656,Normal,R02
5_18,1311.1761112996267,"NoNose,NoBody2",R02
5_180,1302.0568253968254,Normal,R02
5_181,1301.9433514246948,Normal,R02
5_182,1301.7321792260693,Normal,R02
5_183,1301.3170400543108,Normal,R02
5_184,1299.802439850898,Normal,R02
5_185,1300.062775704106,Normal,R02
5_186,1300.8337856173678,Normal,R02
5_187,1302.2531106745253,Normal,R02
5_188,1301.636922082121,Normal,R02
5_189,1300.759687020761,Normal,R02
5_19,1309.7762785390137,"NoNose,NoBody2",R02
5_190,1300.3885501355014,Normal,R02
5_191,1301.2921043713995,Normal,R02
5_192,1303.6767095463779,Normal,R02
5_193,1305.2329603255341,Normal,R02
5_194,1305.538585728124,Normal,R02
5_195,1304.6630508474577,Normal,R02
5_196,1303.315825144019,Normal,R02
5_197,1303.9231029810298,Normal,R02
5_198,1303.8763550135502,Normal,R02
5_199,1303.6883689386232,Normal,R02
5_2,1312.169815520059,NoNose,R02
5_20,1310.2187202069838,"NoNose,NoBody2",R02
5_200,1304.0863528614968,Normal,R02
5_201,1305.9366745682357,Normal,R02
5_202,1305.7845528455284,Normal,R02
5_203,1305.2522033898306,Normal,R02
5_204,1305.57302609285,Normal,R02
5_205,1303.8228319783198,Normal,R02
5_206,1305.0245291429678,Normal,R02
5_207,1304.7387871898936,Normal,R02
5_208,1303.9031165311653,Normal,R02
5_209,1302.5928184281843,Normal,R02
5_21,1312.4384772263766,"NoNose,NoBody2",R02
5_210,1303.0742121314809,Normal,R02
5_211,1305.4113859708573,Normal,R02
5_212,1306.1319986426874,Normal,R02
5_213,1306.679552390641,Normal,R02
5_214,1305.9835352593973,Normal,R02
5_215,1305.967446592065,Normal,R02
5_216,1304.4672770430655,Normal,R02
5_217,1303.482372881356,Normal,R02
5_218,1304.8680908782637,Normal,R02
5_219,1306.2872897207708,Normal,R02
5_22,1311.493369602176,"NoNose,NoBody2",R02
5_220,1306.187648456057,Normal,R02
5_221,1305.9235759016653,Normal,R02
5_222,1305.7042324802,Normal,R02
5_223,1305.990746649649,Normal,R02
5_224,1307.3758911211926,Normal,R02
5_225,1306.9832064894351,Normal,R02
5_226,1306.9478143002373,Normal,R02
5_227,1306.5804266847274,Normal,R02
5_228,1306.2711864406779,Normal,R02
5_229,1305.5066312999706,Normal,R02
5_23,1310.5454545454545,"NoNose,NoBody2",R02
5_230,1305.228381070899,Normal,R02
5_231,1305.3065359477125,Normal,R02
5_232,1306.4539582128066,Normal,R02
5_233,1307.310056136079,Normal,R02
5_234,1307.868563685637,Normal,R02
5_235,1306.0414513323344,Normal,R02
5_236,1306.428861788618,Normal,R02
5_237,1305.869535750593,Normal,R02
5_238,1305.9057946458827,Normal,R02
5_239,1306.4543581612509,Normal,R02
5_24,1309.3006973713998,"NoNose,NoBody2",R02
5_240,1306.8936484490398,Normal,R02
5_241,1307.214696918388,Normal,R02
5_242,1307.484571041031,Normal,R02
5_243,1308.3525423728813,Normal,R02
5_244,1307.1093432633718,Normal,R02
5_245,1305.3652657911941,Normal,R02
5_246,1305.2767615176151,Normal,R02
5_247,1306.6434134778192,Normal,R02
5_248,1308.4925032594524,Normal,R02
5_249,1307.3744287006502,Normal,R02
5_25,1309.7567017305735,"NoNose,NoBody2",R02
5_250,1308.1033547949849,Normal,R02
5_251,1307.3332204537758,Normal,R02
5_252,1306.468436950703,Normal,R02
5_253,1306.88234078337,NoNose,R02
5_254,1307.783701188455,NoNose,R02
5_255,1308.8557365919892,NoNose,R02
5_256,1308.6858016304348,NoNose,R02
5_257,1307.4674634988244,NoNose,R02
5_258,1307.5198426178745,NoNose,R02
5_259,1305.9752038043478,NoNose,R02
5_26,1309.942857142857,"NoNose,NoBody2",R02
5_260,1305.5178389398573,NoNose,R02
5_261,1306.136070580251,NoNose,R02
5_262,1307.7410047522064,NoNose,R02
5_263,1307.7355629968067,NoNose,R02
5_264,1307.552193131588,NoNose,R02
5_265,1308.1616393442623,NoNose,R02
5_266,1307.1856511390683,NoNose,R02
5_267,1306.6607749830048,NoNose,R02
5_268,1307.3030920829085,NoNose,R02
5_269,1308.209041468389,NoNose,R02
5_27,1311.2306122448979,"NoNose,NoBody2",R02
5_270,1309.5957880434783,NoNose,R02
5_271,1309.1280570652175,NoNose,R02
5_272,1307.9528013582342,NoNose,R02
5_273,1308.547198611841,NoNose,R02
5_274,1307.5675492192804,NoNose,R02
5_275,1307.383961943595,NoNose,R02
5_28,1310.522798251093,"NoNose,NoBody2",R02
5_29,1309.9529459631974,"NoNose,NoBody2",R02
5_3,1311.3983050847457,NoNose,R02
5_30,1310.0405175348997,"NoNose,NoBody2",R02
5_31,1309.703125,"NoNose,NoBody2",R02
5_32,1309.5454545454545,"NoNose,NoBody2",R02
5_33,1310.1719334012912,"NoNose,NoBody2",R02
5_34,1309.3127124405166,"NoNose,NoBody2",R02
5_35,1310.3677419354838,"NoNose,NoBody2",R02
5_36,1309.999660556687,"NoNose,NoBody2",R02
5_37,1307.16451547441,"NoNose,NoBody2",R02
5_38,1307.0759322033898,"NoNose,NoBody2",R02
5_39,1308.1221166892808,"NoNose,NoBody2",R02
5_4,1309.7720172814888,NoNose,R02
5_40,1310.4858401325523,"NoNose,NoBody2",R02
5_41,1310.1478493894165,"NoNose,NoBody2",R02
5_42,1309.9008690054716,"NoNose,NoBody2",R02
5_43,1308.4388797364086,"NoNose,NoBody2",R02
5_44,1307.3413367942894,"NoNose,NoBody2",R02
5_45,1307.2672668499365,"NoNose,NoBody2",R02
5_46,1310.2457711442787,"NoNose,NoBody2",R02
5_47,1310.1124187054816,"NoNose,NoBody2",R02
5_48,1308.9779357909736,"NoNose,NoBody2",R02
5_49,1308.7638388470357,"NoNose,NoBody2",R02
5_5,1310.9641009055626,NoNose,R02
5_50,1306.0572188955423,"NoNose,NoBody2",R02
5_51,1306.3539063904836,"NoNose,NoBody2",R02
5_52,1307.071961982349,"NoNose,NoBody2",R02
5_53,1308.8961538461538,"NoNose,NoBody2",R02
5_54,1307.872474234227,"NoNose,NoBody2",R02
5_55,1307.3896940418679,"NoNose,NoBody2",R02
5_56,1306.4797403428588,"NoNose,NoBody2",R02
5_57,1305.041469879568,"NoNose,NoBody2",R02
5_58,1305.6836215666328,"NoNose,NoBody2",R02
5_59,1308.9496427356244,"NoNose,NoBody2",R02
5_6,1312.03393281303,NoNose,R02
5_60,1308.3870967741937,"NoNose,NoBody2",R02
5_61,1308.3480718085107,"NoNose,NoBody2,NoBody1",R02
5_62,1306.6210169491526,"NoNose,NoBody2,NoBody1",R02
5_63,1305.0648116728876,"NoNose,NoBody2,NoBody1",R02
5_64,1304.7195355656306,"NoNose,NoBody2,NoBody1",R02
5_65,1306.0203596878182,"NoNose,NoBody2,NoBody1",R02
5_66,1307.0497217990403,"NoNose,NoBody2,NoBody1",R02
5_67,1307.6870247934771,"NoNose,NoBody2,NoBody1",R02
5_68,1308.253113292545,"NoNose,NoBody2,NoBody1",R02
5_69,1308.0935522888021,"NoNose,NoBody2,NoBody1",R02
5_7,1311.2383408569578,NoNose,R02
5_70,1306.0756445047489,"NoNose,NoBody2,NoBody1",R02
5_71,1305.509497964722,"NoNose,NoBody2,NoBody1",R02
5_72,1305.675835654596,"NoNose,NoBody2,NoBody1",R02
5_73,1306.6626157463072,"NoNose,NoBody2,NoBody1",R02
5_74,1308.4767560230744,"NoNose,NoBody2,NoBody1",R02
5_75,1307.2161794697486,"NoNose,NoBody2,NoBody1",R02
5_76,1307.2954122752635,"NoNose,NoBody2,NoBody1",R02
5_77,1306.0818336162988,"NoNose,NoBody2,NoBody1",R02
5_78,1305.5987780040732,"NoNose,NoBody2,NoBody1",R02
5_79,1305.9945725915875,"NoNose,NoBody2,NoBody1",R02
5_8,1310.8328246863343,NoNose,R02
5_80,1304.6350067842604,"NoNose,NoBody2,NoBody1",R02
5_81,1305.5316326530613,"NoNose,NoBody2,NoBody1",R02
5_82,1306.1137907608695,"NoNose,NoBody2,NoBody1",R02
5_83,1307.40434192673,"NoNose,NoBody2,NoBody1",R02
5_84,1307.3507632348164,"NoNose,NoBody2,NoBody1",R02
5_85,1306.9989661754955,"NoNose,NoBody2,NoBody1",R02
5_86,1306.4728445349626,"NoNose,NoBody2,NoBody1",R02
5_87,1305.8731424815053,"NoNose,NoBody2,NoBody1",R02
5_88,1305.9365384344765,"NoNose,NoBody2,NoBody1",R02
5_89,1305.767141887305,"NoNose,NoBody2,NoBody1",R02
5_9,1310.160962385632,NoNose,R02
5_90,1305.7662403132176,"NoNose,NoBody2,NoBody1",R02
5_91,1307.6656483367278,"NoNose,NoBody2,NoBody1",R02
5_92,1307.2342948717949,"NoNose,NoBody2,NoBody1",R02
5_93,1306.7052367004565,"NoNose,NoBody2,NoBody1",R02
5_94,1306.6038696537678,"NoNose,NoBody2,NoBody1",R02
5_95,1305.4393063583816,"NoNose,NoBody2,NoBody1",R02
5_96,1305.3334466349422,"NoNose,NoBody2,NoBody1",R02
5_97,1305.0683208701564,"NoNose,NoBody2,NoBody1",R02
5_98,1304.147559033796,"NoNose,NoBody2,NoBody1",R02
5_99,1303.7490881204442,"NoNose,NoBody2,NoBody1",R02
0_1,1891.0096962958262,Normal,R03
0_2,1878.0639253602073,Normal,R03
0_3,1867.3457009671613,Normal,R03
1_1,1838.6478348509738,Normal,R03
1_2,1878.392391145056,Normal,R03
1_3,1873.235510371759,Normal,R03
1_4,1881.4837557224728,Normal,R03
1_5,1876.3070589918943,Normal,R03
1_6,1856.3507327913144,Normal,R03
2_1,1854.9119470763983,Normal,R03
2_10,1867.0806454938013,Normal,R03
2_11,1868.7160972163124,Normal,R03
2_12,1885.250078630114,Normal,R03
2_13,1901.182922165916,Normal,R03
2_14,1852.0039679445367,Normal,R03
2_15,1793.8984360090603,NoNose,R03
2_2,1890.5098221078492,Normal,R03
2_3,1872.1401041174963,Normal,R03
2_4,1864.0575436517033,Normal,R03
2_5,1872.8682620865054,Normal,R03
2_6,1870.3726802651377,Normal,R03
2_7,1865.590110875587,Normal,R03
2_8,1836.7032888062975,Normal,R03
2_9,1878.5513227021997,Normal,R03
3_1,1814.2185762602003,NoNose,R03
3_10,1820.7497750702416,NoNose,R03
3_11,1709.5760892211433,NoNose,R03
3_2,1800.3662565897268,NoNose,R03
3_3,1810.299212600435,NoNose,R03
3_4,1794.4978576116862,NoNose,R03
3_5,1815.1830377621359,NoNose,R03
3_6,1812.3024682950634,NoNose,R03
3_7,1804.4166155523292,NoNose,R03
3_8,1828.601066845462,NoNose,R03
3_9,1820.600021136096,NoNose,R03
4_1,1661.160441927535,NoNose,R03
4_10,1728.7054922260302,NoNose,R03
4_11,1820.578450062116,NoNose,R03
4_12,1828.8878323394397,NoNose,R03
4_13,1827.4347560536262,NoNose,R03
4_14,1814.9689072424028,NoNose,R03
4_15,1823.2152733870716,NoNose,R03
4_2,1784.4370912297404,NoNose,R03
4_3,1798.37410504613,NoNose,R03
4_4,1795.7868182611999,NoNose,R03
4_5,1818.9130450192363,NoNose,R03
4_6,1820.5720278940187,NoNose,R03
4_7,1824.5372954727666,NoNose,R03
4_8,1814.3147454024647,NoNose,R03
4_9,1827.5357169805238,NoNose,R03
5_1,1798.7843318054622,NoNose,R03
5_10,1787.985437507358,"NoNose,NoBody2",R03
5_100,1505.3910589189281,"NoNose,NoBody2,NoBody1",R03
5_101,1483.7533422348195,"NoNose,NoBody2,NoBody1",R03
5_102,1511.2610282273656,"NoNose,NoBody2,NoBody1",R03
5_103,1503.6413458124705,"NoNose,NoBody2,NoBody1",R03
5_104,1506.1547057382152,"NoNose,NoBody2,NoBody1",R03
5_105,1496.6199603958478,"NoNose,NoBody2,NoBody1",R03
5_106,1507.1050315824089,"NoNose,NoBody2,NoBody1",R03
5_107,1498.3627673153035,"NoNose,NoBody2,NoBody1",R03
5_108,1503.0565372987119,"NoNose,NoBody2,NoBody1",R03
5_109,1499.1504265265885,"NoNose,NoBody2,NoBody1",R03
5_11,1626.8807360029316,"NoNose,NoBody2",R03
5_110,1510.6088582878015,"NoNose,NoBody2,NoBody1",R03
5_111,1475.306488837417,"NoNose,NoBody2,NoBody1",R03
5_112,1504.005019411256,"NoNose,NoBody2,NoBody1",R03
5_113,1495.0935239789028,"NoNose,NoBody2,NoBody1",R03
5_114,1504.7156262043154,Normal,R03
5_115,1838.7801793361273,Normal,R03
5_116,1880.3234258777193,Normal,R03
5_117,1858.0899794423487,Normal,R03
5_118,1860.8851150917942,Normal,R03
5_119,1839.1162810364215,Normal,R03
5_12,1642.3012544700105,"NoNose,NoBody2",R03
5_120,1855.5799258199288,Normal,R03
5_121,1764.7489715237543,Normal,R03
5_122,1838.9346834579494,Normal,R03
5_123,1843.404512476046,Normal,R03
5_124,2005.9260678511678,Normal,R03
5_125,1843.5981280340832,Normal,R03
5_126,1858.1646552445764,Normal,R03
5_127,1855.4417850561044,Normal,R03
5_128,1852.3980667252779,Normal,R03
5_129,1839.4252481422568,Normal,R03
5_13,1616.8822453555963,"NoNose,NoBody2",R03
5_130,1837.4808455713269,Normal,R03
5_131,1842.464401442277,Normal,R03
5_132,1843.7039254806937,Normal,R03
5_133,1842.89815396251,Normal,R03
5_134,1834.2844758862818,Normal,R03
5_135,1837.426125040107,Normal,R03
5_136,1835.287539391732,Normal,R03
5_137,1871.6660721049798,Normal,R03
5_138,1825.1384625751175,Normal,R03
5_139,1818.4161516548004,Normal,R03
5_14,1642.89387157468,"NoNose,NoBody2",R03
5_140,1841.6809985710138,Normal,R03
5_141,1855.6571754442516,Normal,R03
5_142,1838.4041958067971,Normal,R03
5_143,1837.7098532757605,Normal,R03
5_144,1970.9201333630033,Normal,R03
5_145,1828.334753301428,Normal,R03
5_146,1834.5363531924427,Normal,R03
5_147,1811.384500078732,Normal,R03
5_148,1861.8900273383194,Normal,R03
5_149,1832.304945220838,Normal,R03
5_15,1626.2194552064811,"NoNose,NoBody2",R03
5_150,1818.5765458706912,Normal,R03
5_151,1786.163540539447,Normal,R03
5_152,1818.5544236478593,Normal,R03
5_153,1827.0974905450719,Normal,R03
5_154,1829.304682578811,Normal,R03
5_155,1851.7821784626353,Normal,R03
5_156,1832.8279664831916,Normal,R03
5_157,1809.0048758973358,Normal,R03
5_158,1834.88238275049,Normal,R03
5_159,1832.7596303624046,Normal,R03
5_16,1648.1892565751073,"NoNose,NoBody2",R03
5_160,1823.6344365231676,Normal,R03
5_161,1814.8284984874194,Normal,R03
5_162,1747.2029039288038,Normal,R03
5_163,1832.7377021932602,Normal,R03
5_164,1840.2900244188631,Normal,R03
5_165,1818.9206304115523,Normal,R03
5_166,1832.7576326013975,Normal,R03
5_167,1844.5660113275608,Normal,R03
5_168,1840.2045174298094,Normal,R03
5_169,1828.278784177163,Normal,R03
5_17,1640.106126367392,"NoNose,NoBody2",R03
5_170,1784.7586215643391,Normal,R03
5_171,1824.3749019324355,Normal,R03
5_172,1836.5903312960572,Normal,R03
5_173,1830.3000907843202,Normal,R03
5_174,1852.1060821701349,Normal,R03
5_175,1828.1195056243769,Normal,R03
5_176,1845.7630236056896,Normal,R03
5_177,1848.9086113825065,Normal,R03
5_178,1834.870402470221,Normal,R03
5_179,1842.8398193889252,Normal,R03
5_18,1641.986599805259,"NoNose,NoBody2",R03
5_180,1798.4924811286571,Normal,R03
5_181,1828.2160534849302,Normal,R03
5_182,1815.2908300036527,Normal,R03
5_183,1821.6535365764908,Normal,R03
5_184,1837.3429117030412,Normal,R03
5_185,1846.9316426391483,Normal,R03
5_186,1839.8100306380732,Normal,R03
5_187,1797.6815672513355,Normal,R03
5_188,1814.714268327843,Normal,R03
5_189,1829.9313539821076,Normal,R03
5_19,1634.2175590928528,"NoNose,NoBody2",R03
5_190,1832.3174445473824,Normal,R03
5_191,1846.365189641536,Normal,R03
5_192,1845.691438077833,Normal,R03
5_193,1817.6022291499487,Normal,R03
5_194,1937.820311508844,Normal,R03
5_195,1815.8717992605618,Normal,R03
5_196,1839.2052212657945,Normal,R03
5_197,1829.5998021742585,Normal,R03
5_198,1848.9621778895232,Normal,R03
5_199,1822.1867546063047,Normal,R03
5_2,1786.1853045774023,NoNose,R03
5_20,1645.9389746374993,"NoNose,NoBody2",R03
5_200,1806.878938150655,Normal,R03
5_201,1827.2360942879366,Normal,R03
5_202,1852.3237677610068,Normal,R03
5_203,1831.2540036718121,Normal,R03
5_204,1861.7285356373716,Normal,R03
5_205,1830.4748195954737,Normal,R03
5_206,1840.2768080402739,Normal,R03
5_207,1825.7981810505864,Normal,R03
5_208,1828.4955166848679,Normal,R03
5_209,1807.6320847865352,Normal,R03
5_21,1638.1063636903737,"NoNose,NoBody2",R03
5_210,1844.147802277914,Normal,R03
5_211,1843.1531711183538,Normal,R03
5_212,1835.565244923177,Normal,R03
5_213,1827.5015944185304,Normal,R03
5_214,1772.0286015271035,Normal,R03
5_215,1804.5843323361555,Normal,R03
5_216,1836.5602752261996,Normal,R03
5_217,1825.6998798236125,Normal,R03
5_218,1822.1993115610635,Normal,R03
5_219,1831.6955935481274,Normal,R03
5_22,1648.6177230118944,"NoNose,NoBody2",R03
5_220,1834.7258046461534,Normal,R03
5_221,1806.085116405364,Normal,R03
5_222,1821.1584609410563,Normal,R03
5_223,1789.0674919753485,Normal,R03
5_224,1817.023493334676,Normal,R03
5_225,1830.6001810896648,Normal,R03
5_226,1831.5353047633664,Normal,R03
5_227,1813.6371214534452,Normal,R03
5_228,1837.5105620141069,Normal,R03
5_229,1838.591021392159,Normal,R03
5_23,1637.7709596416828,"NoNose,NoBody2",R03
5_230,1824.0335614467372,Normal,R03
5_231,1817.4973852842554,Normal,R03
5_232,1829.3386752640067,Normal,R03
5_233,1811.1706721010946,Normal,R03
5_234,1834.4752906952428,Normal,R03
5_235,1822.2887496226574,Normal,R03
5_236,1837.8572498553929,Normal,R03
5_237,1819.1893320216532,Normal,R03
5_238,1833.5795584915156,Normal,R03
5_239,1723.7937705608604,Normal,R03
5_24,1648.445238066098,"NoNose,NoBody2",R03
5_240,1838.770304865236,Normal,R03
5_241,1825.6124122744584,Normal,R03
5_242,1823.8736404278322,Normal,R03
5_243,1801.9657226257202,Normal,R03
5_244,1829.8483333216986,Normal,R03
5_245,1836.1049135494031,Normal,R03
5_246,1836.9139174001186,Normal,R03
5_247,1815.4532855617547,Normal,R03
5_248,1827.5398951100344,Normal,R03
5_249,1836.0135895209246,Normal,R03
5_25,1638.7630494365449,"NoNose,NoBody2",R03
5_250,1836.3789491381617,Normal,R03
5_251,1813.9137143191929,Normal,R03
5_252,1828.396891201461,Normal,R03
5_253,1751.300236188141,NoNose,R03
5_254,1778.9031073076287,NoNose,R03
5_255,1762.6443272030185,NoNose,R03
5_256,1784.5641507692528,NoNose,R03
5_257,1788.945541651311,NoNose,R03
5_258,1799.1979072708327,NoNose,R03
5_259,1795.8417574725222,NoNose,R03
5_26,1643.8288937816035,"NoNose,NoBody2",R03
5_260,1768.6296491427825,NoNose,R03
5_261,1778.681437592862,NoNose,R03
5_262,1777.0188125770278,NoNose,R03
5_263,1789.8865369648852,NoNose,R03
5_264,1782.161081729119,NoNose,R03
5_265,1749.9246764651946,NoNose,R03
5_266,1789.6373119629507,NoNose,R03
5_267,1791.993685392084,NoNose,R03
5_268,1800.761561830477,NoNose,R03
5_269,1769.9088389276274,NoNose,R03
5_27,1640.033063184366,"NoNose,NoBody2",R03
5_270,1782.9355590500354,NoNose,R03
5_271,1766.568453776124,NoNose,R03
5_272,1790.687645953134,NoNose,R03
5_273,1775.8428224437916,NoNose,R03
5_274,1780.5882941217778,NoNose,R03
5_275,1768.7254567312502,NoNose,R03
5_28,1620.7999296136222,"NoNose,NoBody2",R03
5_29,1634.0595979250381,"NoNose,NoBody2",R03
5_3,1788.4066218355035,NoNose,R03
5_30,1634.3783352062626,"NoNose,NoBody2",R03
5_31,1645.8015635597217,"NoNose,NoBody2",R03
5_32,1648.781268905429,"NoNose,NoBody2",R03
5_33,1644.6937806673482,"NoNose,NoBody2",R03
5_34,1652.1110354183265,"NoNose,NoBody2",R03
5_35,1639.263923418286,"NoNose,NoBody2",R03
5_36,1647.267240127155,"NoNose,NoBody2",R03
5_37,1636.961967192481,"NoNose,NoBody2",R03
5_38,1640.9486464563154,"NoNose,NoBody2",R03
5_39,1635.2979648094176,"NoNose,NoBody2",R03
5_4,1786.4277319222062,NoNose,R03
5_40,1671.4236606371335,"NoNose,NoBody2",R03
5_41,1642.359846029598,"NoNose,NoBody2",R03
5_42,1631.4743821857455,"NoNose,NoBody2",R03
5_43,1632.2298469043635,"NoNose,NoBody2",R03
5_44,1622.8655473046117,"NoNose,NoBody2",R03
5_45,1630.3439825071284,"NoNose,NoBody2",R03
5_46,1700.5597451230783,"NoNose,NoBody2",R03
5_47,1619.379664462385,"NoNose,NoBody2",R03
5_48,1634.5627358716688,"NoNose,NoBody2",R03
5_49,1628.0607111254199,"NoNose,NoBody2",R03
5_5,1756.896497712494,NoNose,R03
5_50,1641.5421651954764,"NoNose,NoBody2",R03
5_51,1637.0187031955409,"NoNose,NoBody2",R03
5_52,1642.6813911482795,"NoNose,NoBody2",R03
5_53,1731.8935465111551,"NoNose,NoBody2",R03
5_54,1634.4122176164578,"NoNose,NoBody2",R03
5_55,1619.9748250209118,"NoNose,NoBody2",R03
5_56,1640.0375942109138,"NoNose,NoBody2",R03
5_57,1645.4919703086084,"NoNose,NoBody2",R03
5_58,1636.712937106116,"NoNose,NoBody2",R03
5_59,1634.1855617427211,"NoNose,NoBody2",R03
5_6,1810.9175674655437,NoNose,R03
5_60,1638.65684674172,"NoNose,NoBody2",R03
5_61,1501.063794080608,"NoNose,NoBody2,NoBody1",R03
5_62,1506.6870827835924,"NoNose,NoBody2,NoBody1",R03
5_63,1500.4488343400008,"NoNose,NoBody2,NoBody1",R03
5_64,1508.3736368652555,"NoNose,NoBody2,NoBody1",R03
5_65,1500.3222812175607,"NoNose,NoBody2,NoBody1",R03
5_66,1510.3620178994436,"NoNose,NoBody2,NoBody1",R03
5_67,1503.5225809935703,"NoNose,NoBody2,NoBody1",R03
5_68,1509.5213832705638,"NoNose,NoBody2,NoBody1",R03
5_69,1490.4427350701294,"NoNose,NoBody2,NoBody1",R03
5_7,1797.1566282220451,NoNose,R03
5_70,1505.4764977894872,"NoNose,NoBody2,NoBody1",R03
5_71,1501.8329562419883,"NoNose,NoBody2,NoBody1",R03
5_72,1513.8761398869824,"NoNose,NoBody2,NoBody1",R03
5_73,1503.623445538331,"NoNose,NoBody2,NoBody1",R03
5_74,1511.6943475470448,"NoNose,NoBody2,NoBody1",R03
5_75,1500.2042213351301,"NoNose,NoBody2,NoBody1",R03
5_76,1552.3526455170268,"NoNose,NoBody2,NoBody1",R03
5_77,1497.3427307632908,"NoNose,NoBody2,NoBody1",R03
5_78,1507.8415788227546,"NoNose,NoBody2,NoBody1",R03
5_79,1502.8123530565554,"NoNose,NoBody2,NoBody1",R03
5_8,1809.7936771181855,NoNose,R03
5_80,1503.1556393933681,"NoNose,NoBody2,NoBody1",R03
5_81,1501.0804658172797,"NoNose,NoBody2,NoBody1",R03
5_82,1505.7295629236298,"NoNose,NoBody2,NoBody1",R03
5_83,1504.3512937573598,"NoNose,NoBody2,NoBody1",R03
5_84,1502.4493690694483,"NoNose,NoBody2,NoBody1",R03
5_85,1494.3260697587655,"NoNose,NoBody2,NoBody1",R03
5_86,1507.4373030349225,"NoNose,NoBody2,NoBody1",R03
5_87,1502.603640673305,"NoNose,NoBody2,NoBody1",R03
5_88,1509.2053470233564,"NoNose,NoBody2,NoBody1",R03
5_89,1498.8672281700435,"NoNose,NoBody2,NoBody1",R03
5_9,1798.6018191022015,NoNose,R03
5_90,1503.798655779988,"NoNose,NoBody2,NoBody1",R03
5_91,1503.0422339347813,"NoNose,NoBody2,NoBody1",R03
5_92,1500.0819507461854,"NoNose,NoBody2,NoBody1",R03
5_93,1503.469496915304,"NoNose,NoBody2,NoBody1",R03
5_94,1504.0871121330576,"NoNose,NoBody2,NoBody1",R03
5_95,1500.3113305795382,"NoNose,NoBody2,NoBody1",R03
5_96,1508.479322367017,"NoNose,NoBody2,NoBody1",R03
5_97,1503.201479248459,"NoNose,NoBody2,NoBody1",R03
5_98,1507.6583659361906,"NoNose,NoBody2,NoBody1",R03
5_99,1498.3811489217337,"NoNose,NoBody2,NoBody1",R03
0_1,3406.0323145833636,Normal,R04
0_2,3448.865095200648,Normal,R04
0_3,3455.7393211777817,Normal,R04
1_1,3515.3866335295634,Normal,R04
1_2,2657.8667174767565,Normal,R04
1_3,547.4851913477537,Normal,R04
1_4,553.2132081796849,Normal,R04
1_5,555.7686062246279,Normal,R04
1_6,556.7115003304692,Normal,R04
2_1,567.5126919460984,Normal,R04
2_10,576.739071501186,Normal,R04
2_11,578.5045778229909,Normal,R04
2_12,579.8971583220568,Normal,R04
2_13,580.6020995597697,Normal,R04
2_14,573.314024390244,Normal,R04
2_15,566.8337213169272,NoNose,R04
2_2,570.9525745257453,Normal,R04
2_3,571.1312309257376,Normal,R04
2_4,569.2918032786886,Normal,R04
2_5,570.294214876033,Normal,R04
2_6,571.762033898305,Normal,R04
2_7,575.7653233999323,Normal,R04
2_8,581.190250507786,Normal,R04
2_9,579.099966113182,Normal,R04
3_1,602.6314363143631,NoNose,R04
3_10,610.9307300509338,NoNose,R04
3_11,556.8127637130801,NoNose,R04
3_2,604.5284938941655,NoNose,R04
3_3,605.6861214794707,NoNose,R04
3_4,606.5604209097081,NoNose,R04
3_5,608.4257891202149,NoNose,R04
3_6,615.347589952478,NoNose,R04
3_7,614.480827960638,NoNose,R04
3_8,615.2961707895629,NoNose,R04
3_9,611.3579911774686,NoNose,R04
4_1,502.46243552366,NoNose,R04
4_10,605.2673017652004,NoNose,R04
4_11,601.5240841248304,NoNose,R04
4_12,598.0921097189299,NoNose,R04
4_13,588.4166949440108,NoNose,R04
4_14,591.3662593346911,NoNose,R04
4_15,587.8591310251188,NoNose,R04
4_2,591.8052373158756,NoNose,R04
4_3,608.6898222940226,NoNose,R04
4_4,611.6052899287894,NoNose,R04
4_5,614.3856143856144,NoNose,R04
4_6,609.3584521384929,NoNose,R04
4_7,604.8971835765185,NoNose,R04
4_8,605.3051134439553,NoNose,R04
4_9,602.9319336268202,NoNose,R04
5_1,576.6132746359634,NoNose,R04
5_10,597.4392928619079,"NoNose,NoBody2",R04
5_100,16.761791652527993,"NoNose,NoBody2,NoBody1",R04
5_101,13.066430469441984,"NoNose,NoBody2,NoBody1",R04
5_102,12.431632653061225,"NoNose,NoBody2,NoBody1",R04
5_103,28.940916808149407,"NoNose,NoBody2,NoBody1",R04
5_104,20.193811628697723,"NoNose,NoBody2,NoBody1",R04
5_105,47.29090291921249,"NoNose,NoBody2,NoBody1",R04
5_106,27.595246179966043,"NoNose,NoBody2,NoBody1",R04
5_107,32.61804613297151,"NoNose,NoBody2,NoBody1",R04
5_108,39.65490329148287,"NoNose,NoBody2,NoBody1",R04
5_109,27.025850340136053,"NoNose,NoBody2,NoBody1",R04
5_11,595.9421725239616,"NoNose,NoBody2",R04
5_110,32.69429347826087,"NoNose,NoBody2,NoBody1",R04
5_111,-0.11335012594458438,"NoNose,NoBody2,NoBody1",R04
5_112,31.61188455008489,"NoNose,NoBody2,NoBody1",R04
5_113,39.457569585879156,"NoNose,NoBody2,NoBody1",R04
5_114,3.392379679144385,Normal,R04
5_115,12.16931560168667,Normal,R04
5_116,39.952881355932206,Normal,R04
5_117,31.915254237288135,Normal,R04
5_118,31.22862957937585,Normal,R04
5_119,22.044760935910478,Normal,R04
5_12,601.7535690006798,"NoNose,NoBody2",R04
5_120,36.00677506775068,Normal,R04
5_121,10.522681883024251,Normal,R04
5_122,4.650131406044678,Normal,R04
5_123,5.358522534733988,Normal,R04
5_124,42.532211996191684,Normal,R04
5_125,17.71385032170674,Normal,R04
5_126,47.10708234496781,Normal,R04
5_127,23.480840963038318,Normal,R04
5_128,11.637656620386048,Normal,R04
5_129,43.93491525423729,Normal,R04
5_13,602.9120947630922,"NoNose,NoBody2",R04
5_130,46.671747967479675,Normal,R04
5_131,32.97221280921721,Normal,R04
5_132,29.206709589969503,Normal,R04
5_133,28.118345201763308,Normal,R04
5_134,14.29278210776008,Normal,R04
5_135,19.41898305084746,Normal,R04
5_136,22.414972899728998,Normal,R04
5_137,53.60421914357683,Normal,R04
5_138,24.801602564102563,Normal,R04
5_139,22.66000655093351,Normal,R04
5_14,603.4638354346383,"NoNose,NoBody2",R04
5_140,28.615801966768394,Normal,R04
5_141,14.004406779661016,Normal,R04
5_142,21.644647696476966,Normal,R04
5_143,48.07937584803256,Normal,R04
5_144,46.086790044671346,Normal,R04
5_145,23.05557438156557,Normal,R04
5_146,19.32033898305085,Normal,R04
5_147,48.71414038657172,Normal,R04
5_148,19.602646759416356,Normal,R04
5_149,28.63750423872499,Normal,R04
5_15,604.1556589147286,"NoNose,NoBody2",R04
5_150,8.8264406779661,Normal,R04
5_151,19.431384807752423,Normal,R04
5_152,28.409752793769048,Normal,R04
5_153,30.564215520162655,Normal,R04
5_154,29.273373983739837,Normal,R04
5_155,29.49847509318875,Normal,R04
5_156,26.162546562817475,Normal,R04
5_157,33.236191121653675,Normal,R04
5_158,26.091155540494746,Normal,R04
5_159,0.5722993565865222,Normal,R04
5_16,598.0664181633344,"NoNose,NoBody2",R04
5_160,37.87334913647138,Normal,R04
5_161,21.59072444143534,Normal,R04
5_162,24.627052602282216,Normal,R04
5_163,3.894344734168642,Normal,R04
5_164,26.226287262872628,Normal,R04
5_165,25.527956624872925,Normal,R04
5_166,52.535254237288136,Normal,R04
5_167,12.510840108401084,Normal,R04
5_168,23.19329722410291,Normal,R04
5_169,19.600338983050847,Normal,R04
5_17,596.4689092762487,"NoNose,NoBody2",R04
5_170,-5.799457994579946,Normal,R04
5_171,21.307249322493224,Normal,R04
5_172,32.99118345201763,Normal,R04
5_173,19.545238902067094,Normal,R04
5_174,-20.508973924822214,Normal,R04
5_175,3.1751948492036597,Normal,R04
5_176,-10.968824127414436,Normal,R04
5_177,-24.10738482384824,Normal,R04
5_178,15.955254237288136,Normal,R04
5_179,35.541567695961994,Normal,R04
5_18,599.065151001018,"NoNose,NoBody2",R04
5_180,1.4765079365079365,Normal,R04
5_181,8.958276797829036,Normal,R04
5_182,0.19517990495587237,Normal,R04
5_183,-8.15173116089613,Normal,R04
5_184,-16.818705523551337,Normal,R04
5_185,-3.8598574821852734,Normal,R04
5_186,-15.907734056987788,Normal,R04
5_187,8.071709233791749,Normal,R04
5_188,35.63174911089557,Normal,R04
5_189,-5.147307822553335,Normal,R04
5_19,600.5729308005427,"NoNose,NoBody2",R04
5_190,-18.402439024390244,Normal,R04
5_191,1.3961369027448323,Normal,R04
5_192,2.0660121868652674,Normal,R04
5_193,-0.5886741268226517,Normal,R04
5_194,-2.379076525670003,Normal,R04
5_195,17.08,Normal,R04
5_196,3.3947814300237207,Normal,R04
5_197,26.10670731707317,Normal,R04
5_198,26.850271002710027,Normal,R04
5_199,-16.69175991861648,Normal,R04
5_2,584.6905327451645,NoNose,R04
5_20,599.906960950764,"NoNose,NoBody2",R04
5_200,21.081273281408738,Normal,R04
5_201,-4.477141889603793,Normal,R04
5_202,13.455962059620596,Normal,R04
5_203,14.273559322033899,Normal,R04
5_204,11.781430023720773,Normal,R04
5_205,11.380081300813009,Normal,R04
5_206,2.6041313918049442,Normal,R04
5_207,-17.95734597156398,Normal,R04
5_208,-19.208672086720867,Normal,R04
5_209,-1.861449864498645,Normal,R04
5_21,597.8011556764106,"NoNose,NoBody2",R04
5_210,9.769908505591324,Normal,R04
5_211,8.54625550660793,Normal,R04
5_212,13.69155072955548,Normal,R04
5_213,-12.49440488301119,Normal,R04
5_214,-1.5489282385834109,Normal,R04
5_215,-17.873516446252967,Normal,R04
5_216,-4.178026449643947,Normal,R04
5_217,2.871186440677966,Normal,R04
5_218,19.554425228891148,Normal,R04
5_219,20.132248219735505,Normal,R04
5_22,594.3808228493709,"NoNose,NoBody2",R04
5_220,10.329826942653545,Normal,R04
5_221,2.142372881355932,Normal,R04
5_222,-8.014586160108548,Normal,R04
5_223,5.382259093809828,Normal,R04
5_224,16.473752430330524,Normal,R04
5_225,-2.0657850118684298,Normal,R04
5_226,3.674347678752965,Normal,R04
5_227,-23.06772773450728,Normal,R04
5_228,5.764406779661017,Normal,R04
5_229,30.370382921043714,Normal,R04
5_23,605.8093622795116,"NoNose,NoBody2",R04
5_230,2.596140825998646,Normal,R04
5_231,-3.7745098039215685,Normal,R04
5_232,1.529671074940658,Normal,R04
5_233,-9.91869918699187,Normal,R04
5_234,-15.610433604336043,Normal,R04
5_235,-2.5565335138794856,Normal,R04
5_236,11.647018970189702,Normal,R04
5_237,5.83598780074551,Normal,R04
5_238,14.229752626228397,Normal,R04
5_239,16.746861924686193,Normal,R04
5_24,602.3285811269518,"NoNose,NoBody2",R04
5_240,15.247168882323978,Normal,R04
5_241,-5.282086014222824,Normal,R04
5_242,21.233299423533403,Normal,R04
5_243,18.30779661016949,Normal,R04
5_244,-9.051117129316182,Normal,R04
5_245,-17.245091401489507,Normal,R04
5_246,27.49627371273713,Normal,R04
5_247,17.163562478835082,Normal,R04
5_248,-0.6254889178617992,Normal,R04
5_249,9.359972908906197,Normal,R04
5_25,603.7159823549372,"NoNose,NoBody2",R04
5_250,4.467976956963741,Normal,R04
5_251,15.822553335590925,Normal,R04
5_252,-8.351845580765323,Normal,R04
5_253,34.448558322411536,NoNose,R04
5_254,2.5769100169779287,NoNose,R04
5_255,-34.63204344874406,NoNose,R04
5_256,-6.530230978260869,NoNose,R04
5_257,3.18981324278438,NoNose,R04
5_258,-11.525475543478262,NoNose,R04
5_259,32.79721467391305,NoNose,R04
5_26,598.9574829931972,"NoNose,NoBody2",R04
5_260,22.869520897043834,NoNose,R04
5_261,-10.491007804546998,NoNose,R04
5_262,25.79599456890699,NoNose,R04
5_263,0.018688413183826028,NoNose,R04
5_264,11.371302278136689,NoNose,R04
5_265,0.4488524590163934,NoNose,R04
5_266,25.25603536212173,NoNose,R04
5_267,11.212440516655336,NoNose,R04
5_268,1.0774719673802242,NoNose,R04
5_269,-36.991842284160434,NoNose,R04
5_27,607.6534013605442,"NoNose,NoBody2",R04
5_270,19.208559782608695,NoNose,R04
5_271,-2.841372282608696,NoNose,R04
5_272,-7.990492359932088,NoNose,R04
5_273,7.943972835314091,NoNose,R04
5_274,8.68601493550577,NoNose,R04
5_275,6.507985049269453,NoNose,R04
5_28,602.9175515302936,"NoNose,NoBody2",R04
5_29,601.8786952089704,"NoNose,NoBody2",R04
5_3,589.5027118644068,NoNose,R04
5_30,602.7061627511066,"NoNose,NoBody2",R04
5_31,601.5896739130435,"NoNose,NoBody2",R04
5_32,601.4993215739485,"NoNose,NoBody2",R04
5_33,603.8243289160721,"NoNose,NoBody2",R04
5_34,611.9629503738953,"NoNose,NoBody2",R04
5_35,608.1242784380306,"NoNose,NoBody2",R04
5_36,610.0638153428378,"NoNose,NoBody2",R04
5_37,607.3417205032302,"NoNose,NoBody2",R04
5_38,612.3491525423728,"NoNose,NoBody2",R04
5_39,605.5671641791045,"NoNose,NoBody2",R04
5_4,593.8777002326354,NoNose,R04
5_40,604.6076794657763,"NoNose,NoBody2",R04
5_41,609.2360922659431,"NoNose,NoBody2",R04
5_42,615.521725136788,"NoNose,NoBody2",R04
5_43,613.8968698517298,"NoNose,NoBody2",R04
5_44,617.6609344581441,"NoNose,NoBody2",R04
5_45,617.6546237984753,"NoNose,NoBody2",R04
5_46,615.0252072968491,"NoNose,NoBody2",R04
5_47,606.9761536079282,"NoNose,NoBody2",R04
5_48,604.5545395166558,"NoNose,NoBody2",R04
5_49,610.7628562070095,"NoNose,NoBody2",R04
5_5,588.20957309185,NoNose,R04
5_50,626.4807052561544,"NoNose,NoBody2",R04
5_51,624.7873426335489,"NoNose,NoBody2",R04
5_52,632.9025797691786,"NoNose,NoBody2",R04
5_53,630.0573964497041,"NoNose,NoBody2",R04
5_54,635.1156572164948,"NoNose,NoBody2",R04
5_55,629.9900161030596,"NoNose,NoBody2",R04
5_56,622.6006644518272,"NoNose,NoBody2",R04
5_57,602.1288239292998,"NoNose,NoBody2",R04
5_58,593.7226178365547,"NoNose,NoBody2",R04
5_59,585.0272201429058,"NoNose,NoBody2",R04
5_6,593.5670173057347,NoNose,R04
5_60,592.9901528013582,"NoNose,NoBody2",R04
5_61,573.3753324468086,"NoNose,NoBody2,NoBody1",R04
5_62,579.7450847457627,"NoNose,NoBody2,NoBody1",R04
5_63,584.9969460468272,"NoNose,NoBody2,NoBody1",R04
5_64,593.6766993574569,"NoNose,NoBody2,NoBody1",R04
5_65,602.2857142857143,"NoNose,NoBody2,NoBody1",R04
5_66,601.4673913043479,"NoNose,NoBody2,NoBody1",R04
5_67,592.4127414435784,"NoNose,NoBody2,NoBody1",R04
5_68,585.6308474576272,"NoNose,NoBody2,NoBody1",R04
5_69,590.5082890209571,"NoNose,NoBody2,NoBody1",R04
5_7,589.9066530889341,NoNose,R04
5_70,588.5824287652646,"NoNose,NoBody2,NoBody1",R04
5_71,575.9762550881953,"NoNose,NoBody2,NoBody1",R04
5_72,570.1695682451253,"NoNose,NoBody2,NoBody1",R04
5_73,561.7472826086956,"NoNose,NoBody2,NoBody1",R04
5_74,559.346114692908,"NoNose,NoBody2,NoBody1",R04
5_75,485.7192386131883,"NoNose,NoBody2,NoBody1",R04
5_76,495.83601983880965,"NoNose,NoBody2,NoBody1",R04
5_77,36.25229202037352,"NoNose,NoBody2,NoBody1",R04
5_78,61.24304141208418,"NoNose,NoBody2,NoBody1",R04
5_79,95.2876526458616,"NoNose,NoBody2,NoBody1",R04
5_8,594.1017293997966,NoNose,R04
5_80,45.9399592944369,"NoNose,NoBody2,NoBody1",R04
5_81,67.98333333333333,"NoNose,NoBody2,NoBody1",R04
5_82,37.05129076086956,"NoNose,NoBody2,NoBody1",R04
5_83,24.16350067842605,"NoNose,NoBody2,NoBody1",R04
5_84,86.28385839558298,"NoNose,NoBody2,NoBody1",R04
5_85,58.33526570048309,"NoNose,NoBody2,NoBody1",R04
5_86,71.81093007467753,"NoNose,NoBody2,NoBody1",R04
5_87,100.14338983050847,"NoNose,NoBody2,NoBody1",R04
5_88,111.40625,"NoNose,NoBody2,NoBody1",R04
5_89,130.24779361846572,"NoNose,NoBody2,NoBody1",R04
5_9,589.0040664181633,NoNose,R04
5_90,470.30241250424734,"NoNose,NoBody2,NoBody1",R04
5_91,29.97488119484046,"NoNose,NoBody2,NoBody1",R04
5_92,35.52980769230769,"NoNose,NoBody2,NoBody1",R04
5_93,17.500848896434636,"NoNose,NoBody2,NoBody1",R04
5_94,21.96877121520706,"NoNose,NoBody2,NoBody1",R04
5_95,22.557293437606255,"NoNose,NoBody2,NoBody1",R04
5_96,-11.192726036709722,"NoNose,NoBody2,NoBody1",R04
5_97,22.668252889191027,"NoNose,NoBody2,NoBody1",R04
5_98,18.238111413043477,"NoNose,NoBody2,NoBody1",R04
5_99,31.307640067911716,"NoNose,NoBody2,NoBody1",R04
